KMeans_Cluster,С/Г угіддя,Викиди CO2,Доступ до Інтернету,ВВП на душу населення,Рівень грамотності,Доступ до санітарії,Безробіття,Тривалість життя,Населення,Міське населення,Agg_Cluster
0,25.756449589557352,12.742714760238602,79.7306929237234,45215.5203404985,92.64340096331655,98.10965251279369,5.878468108938094,79.05246148231689,23621998.680851065,82.98508510638298,1.9361702127659575
1,46.555961158470296,0.4852609921745409,11.958362559465517,3431.0525493462546,84.65095316130538,33.541695550593445,6.27105175780839,61.89812068965517,25219523.568965517,36.65694827586207,0.017241379310344827
2,38.042515371653,3.6990217229271942,48.39806879529126,14181.162856020128,93.17265223530887,88.54935540175823,9.75499025479104,74.10720518588681,19575557.640776698,61.167436893203885,1.0097087378640777
3,57.62780687861315,4.63695403650544,34.45,9071.894801663015,92.4747619628906,58.37287735146815,3.68250000476837,71.9765,1329064647.0,43.3215,3.0
